Workbook

Sheet ÇIKTI
A1: TAPU VE KADASTRO GENEL MÜDÜRLÜĞÜ YEŞİL VE SÜRDÜRÜLEBİLİR KALKINMA İÇİN ARAZİ YÖNETİM ALTYAPISI PROJESİ (AYAP) Kredi No: 9531-TR
A3: 3B ŞEHİR MODELLERİNİN OLUŞTURULMASI İŞİ (Grup 3) RFB Referans No.: NCS-A1/O-2026/1
A4: SIRA NO | B4: SÖZLEŞME REFERANS NO | C4: İŞ ALANLARI | D4: TOPLAM PAFTA | E4: TOPLAM ALAN km2 | F4: Projesi Olan Mimari Bina Sayısı * | G4: Fotogrametrik Model Üretim (Teknik Şartnamenin 2, 3, 4, 5, 9 Nolu Kalemleri) (Birim F. 4893.58 TL) (** ,*** ,****,*****) | H4: 3D Mimari Bina Modelleme Üretim (Teknik Şartnamenin 1, 6, 7, 8 Nolu Kalemleri) (Birim F. 301.27 TL) (****,******) | J4: HAM YAKLAŞIK MALİYET TL | K4: Yüklenici Karı %20 TL | L4: TOPLAM YAKLAŞIK MALİYET TL | M4: PAKET AÇIKLAMA
A5: 1 | B5: 2026/A1/O-5 | C5: Artvin (Kemalpaşa) , Balıkesir (Ayvalık, Balya, Bandırma, Bigadiç, Burhaniye, Dursunbey, Edremit, Erdek, Gömeç, Gönen, Havran, İvrindi, Kepsut, Manyas, Marmara, Sındırgı, Susurluk) ,Çanakkale (Ayvacık, Bayramiç, Biga, Bozcaada, Çan, Ezine, Gelibolu, Gökçeada, Lapseki) ,Denizli (Acıpayam, Babadağ, Baklan, Bekilli, Beyağaç, Bozkurt, Buldan, Çal, Çameli, Çardak, Çivril, Güney, Kale, Sarayköy, Serinhisar, Tavas) ,Diyarbakır (Bismil, Çermik, Çınar, Dicle, Ergani, Hani, Kulp, Lice, Silvan) ,Iğdır (Tuzluca) , Kayseri (Bünyan, Develi, Pınarbaşı, Sarıoğlan, Sarız, Tomarza, Yahyalı, Yeşilhisar) ,Kırklareli (Babaeski, Demirköy, Lüleburgaz, Pehlivanköy, Pınarhisar, Vize) , Muğla (Dalaman, Kavaklıdere, Milas, Ortaca, Seydikemer, Ula, Yatağan) ,Samsun (Alaçam, Asarcık, Ayvacık, Bafra, Çarşamba, Havza, Kavak, Ladik, Salıpazarı, Terme, Vezirköprü, Yakakent) ,Van (Çaldıran, Erciş, Gevaş, Muradiye, Özalp) | D5: =[1]Maliyet_Hesabi_Parametreler!H27 -> 8340 | E5: =D5*0.38 -> 3169.2 | F5: =[1]Maliyet_Hesabi_Parametreler!H28 -> 117071 | G5: =[1]BirimFiyatÇizelgesi!F11+[1]BirimFiyatÇizelgesi!F12+[1]BirimFiyatÇizelgesi!F13+[1]BirimFiyatÇizelgesi!F14+[1]BirimFiyatÇizelgesi!F18 -> 40812397 | H5: =[1]BirimFiyatÇizelgesi!F10+[1]BirimFiyatÇizelgesi!F16+[1]BirimFiyatÇizelgesi!F15+[1]BirimFiyatÇizelgesi!F17 -> 35269543 | J5: =SUM(G5:I5) -> 76081939 | K5: =J5*0.2 -> 15216388 | L5: =J5+K5 -> 91298327
A6: 2 | B6: 2026/A1/O-6 | C6: Adana (Aladağ, Ceyhan, Feke, İmamoğlu, Karataş, Kozan, Pozantı, Saimbeyli, Tufanbeyli, Yumurtalık) ,Antalya (Akseki, Alanya, Demre, Elmalı, Finike, Gazipaşa, Gündoğmuş, İbradı, Kaş, Kemer, Korkuteli, Kumluca) ,Aydın (Bozdoğan, Buharkent, Çine, Didim, Germencik, Karacasu, Karpuzlu, Koçarlı, Köşk, Kuyucak, Nazilli, Söke, Sultanhisar, Yenipazar) ,Edirne (Havsa, İpsala, Keşan, Lalapaşa, Meriç, Süloğlu, Uzunköprü) ,Eskişehir (Çifteler, İnönü, Mahmudiye, Mihalıççık, Sarıcakaya, Seyitgazi, Sivrihisar) ,Mardin (Dargeçit, Derik, Mazıdağı, Midyat, Ömerli, Savur) ,Mersin (Anamur, Aydıncık, Bozyazı, Çamlıyayla, Erdemli, Gülnar, Mut, Silifke) ,Ordu (Akkuş, Aybastı, Çamaş, Çatalpınar, Çaybaşı, Gölköy, Gürgentepe, İkizce, Kabataş, Korgan, Kumru, Mesudiye, Ulubey) ,Şanlıurfa (Birecik, Bozova, Halfeti, Harran, Hilvan, Siverek, Viranşehir) ,Tokat (Turhal) ,Trabzon (Araklı, Beşikdüzü, Çarşıbaşı, Çaykara, Düzköy, Maçka, Of, Sürmene, Şalpazarı, Tonya, Vakfıkebir) ,Yalova (Armutlu) | D6: =[1]Maliyet_Hesabi_Parametreler!J27 -> 8444 | E6: =D6*0.38 -> 3208.72 | F6: =[1]Maliyet_Hesabi_Parametreler!J28 -> 119700 | G6: =[1]BirimFiyatÇizelgesi!L11+[1]BirimFiyatÇizelgesi!L12+[1]BirimFiyatÇizelgesi!L13+[1]BirimFiyatÇizelgesi!L14+[1]BirimFiyatÇizelgesi!L18 -> 41321328 | H6: =[1]BirimFiyatÇizelgesi!L10+[1]BirimFiyatÇizelgesi!L15+[1]BirimFiyatÇizelgesi!L16+[1]BirimFiyatÇizelgesi!L17 -> 36061572 | J6: =SUM(G6:I6) -> 77382900 | K6: =J6*0.2 -> 15476580 | L6: =J6+K6 -> 92859480
A9: 3 | B9: 2026/A1/O-7 | C9: Ankara (Ayaş, Bala, Beypazarı, Çamlıdere, Elmadağ, Güdül, Haymana, Kahramankazan, Kalecik, Kızılcahamam, Nallıhan, Polatlı, Şereflikoçhisar), Ardahan (Çıldır, Posof), Erzurum (Aşkale, Çat, Hınıs, Horasan, İspir, Karayazı, Narman, Oltu, Olur, Pasinler, Şenkaya, Tekman, Tortum, Uzundere) İzmir (Aliağa, Bayındır, Bergama, Beydağ, Çeşme, Dikili, Foça, Karaburun, Kemalpaşa, Kınık, Kiraz, Ödemiş, Tire), Malatya (Arapgir, Arguvan, Hekimhan) , Manisa (Ahmetli, Alaşehir, Demirci, Gölmarmara, Gördes, Kırkağaç, Köprübaşı, Kula, Sarıgöl, Saruhanlı, Selendi, Soma) ,Osmaniye (Bahçe, Düziçi, Hasanbeyli, Kadirli) ,Tekirdağ (Çerkezköy, Çorlu, Ergene, Hayrabolu, Kapaklı, Malkara, Muratlı, Saray, Şarköy) | D9: =[1]Maliyet_Hesabi_Parametreler!L27 -> 8392 | E9: =D9*0.38 -> 3188.96 | F9: =[1]Maliyet_Hesabi_Parametreler!L28 -> 121213 | G9: =[1]BirimFiyatÇizelgesi!P11+[1]BirimFiyatÇizelgesi!P12+[1]BirimFiyatÇizelgesi!P13+[1]BirimFiyatÇizelgesi!P14+[1]BirimFiyatÇizelgesi!P18 -> 41066863 | H9: =[1]BirimFiyatÇizelgesi!P10+[1]BirimFiyatÇizelgesi!P15+[1]BirimFiyatÇizelgesi!P16+[1]BirimFiyatÇizelgesi!P17 -> 36517387 | J9: =SUM(G9:I9) -> 77584250 | K9: =J9*0.2 -> 15516850 | L9: =J9+K9 -> 93101100
A10: TOPLAM | D10: =SUM(D5:D9) -> 25176 | E10: =SUM(E5:E9) -> 9566.88 | F10: =SUM(F5:F9) -> 357984 | G10: =SUM(G5:G9) -> 1.2320059e+08 | H10: =SUM(H5:H9) -> 1.078485e+08 | J10: =SUM(J5:J9) -> 2.3104909e+08 | K10: =SUM(K5:K9) -> 46209818 | L10: =SUM(L5:L9) -> 2.7725891e+08
A13: Komisyonumuzca yaklaşık maliyetlerin belirlenmesinde;
A15: * Mimari proje sayıları Başkanlığımıza Bilgi Teknolojileri Dairesi Başkanlığından gelen veriler değerlendirilerek belirlenmiştir.
A17: ** Bakanlıklar Arası Harita İşlerini Planlama ve Koordinasyon Kurulunun ( BHİKPK) 2025 yılı Bütçe aktarımına esas fiyat listesinde yer alan iş kalemlerinin fiyatları kullanılarak belirlenmiştir.
A19: ***Bakanlıklar Arası Harita İşlerini Planlama ve Koordinasyon Kurulunun ( BHİKPK) 2025 yılı Bütçe aktarımına esas fiyat listesinde yer alan iş kalemlerinin fiyatları ile 2022 yılında ihalesi gerçekleştirilen benzer işlerdeki 2025 yılı güncel birim fiyatların ortalamaları kullanılarak belirlenmiştir.
A21: ****Yİ - ÜFE Yurt İçi Üretici Fiyat Endeksi ve Değişim Oranı kullanılarak belirlenmiştir. | W21: 288
W22: 235000000
A23: ***** 18.12.2025 tarihli Komisyonumuzca imza altına alından rapora göre Teknik Şartnameye Mesh Model Üretimi de eklenmiş olup, bu üretimin zaman ,maliyet ve yüksek kapasiteli donanım altyapısı gerektirdiği için Fotogrametrik Model Üretim Kalemlerinde %8 artış yapılmıştır.
A25: ****** 18.12.2025 tarihli Komisyonumuzca imza altına alınan rapora göre 3D Mimari Bina Modelleme Üretim kalemlerine %20 oranında artış yapılmıştır.
C28: Ekrem AYYILDIZ | H28: Hülya TUNA | J28: Numan SOYYİĞİT | K28: Nihat ÇETİNOĞLU | L28: Nurdan BALABAN
C29: Harita Dairesi Başkanı | H29: Mühendis | J29: Mühendis | K29: TK Uzmanı | L29: Mühendis

Sheet İhaleNo_Adet_YM_Birimler
D2: İŞİN TANIMI, MİKTARI VE YAKLAŞIK MALİYETİ
D3: İHALE PAKET NO | E3: Toplam Pafta Sayısı | F3: Toplam Mimari Proje Sayısı | G3: YAKLAŞIK MALİYET (TL-KDV Hariç) | H3: YAKLAŞIK MALİYET (TL-KDV Dahil) | I3: BİRİMLER
D4: O-5 | E4: =[1]Maliyet_Hesabi_Parametreler!H27 -> 8340 | F4: =[1]Maliyet_Hesabi_Parametreler!H28 -> 117071 | G4: =[1]ÇIKTI!L5 -> 91298327 | I4: Artvin (Kemalpaşa) , Balıkesir (Ayvalık, Balya, Bandırma, Bigadiç, Burhaniye, Dursunbey, Edremit, Erdek, Gömeç, Gönen, Havran, İvrindi, Kepsut, Manyas, Marmara, Sındırgı, Susurluk) ,Çanakkale (Ayvacık, Bayramiç, Biga, Bozcaada, Çan, Ezine, Gelibolu, Gökçeada, Lapseki) ,Denizli (Acıpayam, Babadağ, Baklan, Bekilli, Beyağaç, Bozkurt, Buldan, Çal, Çameli, Çardak, Çivril, Güney, Kale, Sarayköy, Serinhisar, Tavas) ,Diyarbakır (Bismil, Çermik, Çınar, Dicle, Ergani, Hani, Kulp, Lice, Silvan) ,Iğdır (Tuzluca) , Kayseri (Bünyan, Develi, Pınarbaşı, Sarıoğlan, Sarız, Tomarza, Yahyalı, Yeşilhisar) ,Kırklareli (Babaeski, Demirköy, Lüleburgaz, Pehlivanköy, Pınarhisar, Vize) , Muğla (Dalaman, Kavaklıdere, Milas, Ortaca, Seydikemer, Ula, Yatağan) ,Samsun (Alaçam, Asarcık, Ayvacık, Bafra, Çarşamba, Havza, Kavak, Ladik, Salıpazarı, Terme, Vezirköprü, Yakakent) ,Van (Çaldıran, Erciş, Gevaş, Muradiye, Özalp)
D5: O-6 | E5: =[1]Maliyet_Hesabi_Parametreler!J27 -> 8444 | F5: =[1]Maliyet_Hesabi_Parametreler!J28 -> 119700 | G5: =[1]ÇIKTI!L6 -> 92859480 | I5: Adana (Aladağ, Ceyhan, Feke, İmamoğlu, Karataş, Kozan, Pozantı, Saimbeyli, Tufanbeyli, Yumurtalık) ,Antalya (Akseki, Alanya, Demre, Elmalı, Finike, Gazipaşa, Gündoğmuş, İbradı, Kaş, Kemer, Korkuteli, Kumluca) ,Aydın (Bozdoğan, Buharkent, Çine, Didim, Germencik, Karacasu, Karpuzlu, Koçarlı, Köşk, Kuyucak, Nazilli, Söke, Sultanhisar, Yenipazar) ,Edirne (Havsa, İpsala, Keşan, Lalapaşa, Meriç, Süloğlu, Uzunköprü) ,Eskişehir (Çifteler, İnönü, Mahmudiye, Mihalıççık, Sarıcakaya, Seyitgazi, Sivrihisar) ,Mardin (Dargeçit, Derik, Mazıdağı, Midyat, Ömerli, Savur) ,Mersin (Anamur, Aydıncık, Bozyazı, Çamlıyayla, Erdemli, Gülnar, Mut, Silifke) ,Ordu (Akkuş, Aybastı, Çamaş, Çatalpınar, Çaybaşı, Gölköy, Gürgentepe, İkizce, Kabataş, Korgan, Kumru, Mesudiye, Ulubey) ,Şanlıurfa (Birecik, Bozova, Halfeti, Harran, Hilvan, Siverek, Viranşehir) ,Tokat (Turhal) ,Trabzon (Araklı, Beşikdüzü, Çarşıbaşı, Çaykara, Düzköy, Maçka, Of, Sürmene, Şalpazarı, Tonya, Vakfıkebir) ,Yalova (Armutlu)
D6: O-7 | E6: =[1]Maliyet_Hesabi_Parametreler!L27 -> 8392 | F6: =[1]Maliyet_Hesabi_Parametreler!L28 -> 121213 | G6: =[1]ÇIKTI!L7 -> 93101100 | I6: Ankara (Ayaş, Bala, Beypazarı, Çamlıdere, Elmadağ, Güdül, Haymana, Kahramankazan, Kalecik, Kızılcahamam, Nallıhan, Polatlı, Şereflikoçhisar), Ardahan (Çıldır, Posof), Erzurum (Aşkale, Çat, Hınıs, Horasan, İspir, Karayazı, Narman, Oltu, Olur, Pasinler, Şenkaya, Tekman, Tortum, Uzundere) İzmir (Aliağa, Bayındır, Bergama, Beydağ, Çeşme, Dikili, Foça, Karaburun, Kemalpaşa, Kınık, Kiraz, Ödemiş, Tire), Malatya (Arapgir, Arguvan, Hekimhan) , Manisa (Ahmetli, Alaşehir, Demirci, Gölmarmara, Gördes, Kırkağaç, Köprübaşı, Kula, Sarıgöl, Saruhanlı, Selendi, Soma) ,Osmaniye (Bahçe, Düziçi, Hasanbeyli, Kadirli) ,Tekirdağ (Çerkezköy, Çorlu, Ergene, Hayrabolu, Kapaklı, Malkara, Muratlı, Saray, Şarköy)
D7: O-8 | E7: 0 | F7: 0 | G7: =[1]ÇIKTI!L7 -> 93101100 | I7: Ankara (Ayaş, Bala, Beypazarı, Çamlıdere, Elmadağ, Güdül, Haymana, Kahramankazan, Kalecik, Kızılcahamam, Nallıhan, Polatlı, Şereflikoçhisar), Ardahan (Çıldır, Posof), Erzurum (Aşkale, Çat, Hınıs, Horasan, İspir, Karayazı, Narman, Oltu, Olur, Pasinler, Şenkaya, Tekman, Tortum, Uzundere) İzmir (Aliağa, Bayındır, Bergama, Beydağ, Çeşme, Dikili, Foça, Karaburun, Kemalpaşa, Kınık, Kiraz, Ödemiş, Tire), Malatya (Arapgir, Arguvan, Hekimhan) , Manisa (Ahmetli, Alaşehir, Demirci, Gölmarmara, Gördes, Kırkağaç, Köprübaşı, Kula, Sarıgöl, Saruhanlı, Selendi, Soma) ,Osmaniye (Bahçe, Düziçi, Hasanbeyli, Kadirli) ,Tekirdağ (Çerkezköy, Çorlu, Ergene, Hayrabolu, Kapaklı, Malkara, Muratlı, Saray, Şarköy)
D8: O-9 | E8: 0 | F8: =[1]Maliyet_Hesabi_Parametreler!L29 -> 0 | G8: =[1]ÇIKTI!L8 -> 2.7725891e+08 | I8: Ankara (Ayaş, Bala, Beypazarı, Çamlıdere, Elmadağ, Güdül, Haymana, Kahramankazan, Kalecik, Kızılcahamam, Nallıhan, Polatlı, Şereflikoçhisar), Ardahan (Çıldır, Posof), Erzurum (Aşkale, Çat, Hınıs, Horasan, İspir, Karayazı, Narman, Oltu, Olur, Pasinler, Şenkaya, Tekman, Tortum, Uzundere) İzmir (Aliağa, Bayındır, Bergama, Beydağ, Çeşme, Dikili, Foça, Karaburun, Kemalpaşa, Kınık, Kiraz, Ödemiş, Tire), Malatya (Arapgir, Arguvan, Hekimhan) , Manisa (Ahmetli, Alaşehir, Demirci, Gölmarmara, Gördes, Kırkağaç, Köprübaşı, Kula, Sarıgöl, Saruhanlı, Selendi, Soma) ,Osmaniye (Bahçe, Düziçi, Hasanbeyli, Kadirli) ,Tekirdağ (Çerkezköy, Çorlu, Ergene, Hayrabolu, Kapaklı, Malkara, Muratlı, Saray, Şarköy)
D9: TOPLAM | E9: =SUM(E4:E8) -> 25176 | F9: =SUM(F4:F8) -> 357984 | G9: =SUM(G4:G8) -> 6.4761891e+08 | H9: =SUM(H4:H6) -> 0

Sheet Birim_Fiyat_Oluşturma
A1: Sıra No | B1: İş Kaleminin Adı ve Kısa Açıklaması | C1: Birimi | D1: Miktarı | E1: Birim Fiyat | F1: Fiyat
D2: (a) | E2: (b) | F2: (a*b)
A3: 1 | B3: Mimari Proje, Taşınmaz Listeleri Verilerin İncelenmesi ve Raporlanması | C3: Bina
A4: 2 | B4: Fotogrametrik Veri Üretimi İçin Nadir ve Eğik Hava Fotoğraflarının Dengeleme Çalışmaları | C4: Pafta
A5: 3 | B5: Fotogrametrik Veri Üretimi; (Sayısal Yüzey Modeli, Sayısal Arazi Modeli, Nokta Bulutu, Gerçek Ortofoto Üretimi ve Mesh Model Üretimi) | C5: Pafta
A6: 4 | B6: Yapılara ve Zemine ait 3B Vektör Verilerin Fotogrametrik Yöntemle Üretimi | C6: Pafta
A7: 5 | B7: 3B Fotogrametrik Yapı Modellerinin Oluşturulması ve Kaplanması, Üretimi Gerçekleştirilen 3B Fotogrametrik Yapı Modellerinin Güncel TKGM Verileri ve Güncel MAKS Verileri ile Entegre Edilerek TKGM CityGML Veri Modeline Dönüştürülmesi, | C7: Pafta
A8: 6 | B8: Mimari Projelerden Vektörel Verilerin Üretimi (Cad) ve 3B Sayısal Mimari Yapı Modellerinin (Cad) Üretimi | C8: Bina
A9: 7 | B9: 3B Mimari Yapı Modellerinin Konumlandırılması ve 3B Mimari ve Fotogrametrik Yapı Modellerinin Karşılıklı Kontrolü, Bulunan Hataların Giderilmesi ve Raporlanması | C9: Bina
A10: 8 | B10: Üretimi Gerçekleştirilen 3B Mimari Yapı Modellerinin Güncel TKGM Verileri ve Güncel MAKS Verileri ile Entegre Edilerek TKGM CityGML Veri Modeline Dönüştürülmesi, | C10: Bina
A11: 9 | B11: Üretimi Tamamlanan Veri ve Modellerin İdareye Teslim Edilmesi | C11: Pafta
A12: Toplam | F12: =SUM(F3:F11) -> 0
A13: Toplam KDV (%20) | C13: Yüklenici Karı Dahil Yaklaşık Maliyet (KDV Hariç) | F13: =F12*1.2 -> 0

Sheet Birim_Fiyat_İyileştirme
A1: Sıra No | B1: İş Kaleminin Adı ve Kısa Açıklaması | C1: Birimi | D1: Miktarı | E1: Birim Fiyat | F1: Fiyat
D2: (a) | E2: (b) | F2: (a*b)
A3: 1 | B3: Daha Önce Üretime Dahil Olan ve Olmayan Mimari Projeler ve Bağımsız Bölüm Listeleri ile, Üretilmiş Vektörel Dosyalarının Gözden Geçirilmesi Karşılaştırılması ve İdareye Raporlanmasi | C3: Bina | D3: 172639 | E3: 15.06 | F3: =D3*E3 -> 2599943.3
A4: 2 | B4: Fotogrametrik Veri Üretimi İçin Nadir ve Eğik Hava Fotoğraflarının Dengelenmesi | C4: Pafta | D4: 7280 | E4: 489.35 | F4: =D4*E4 -> 3562468
A5: 3 | B5: Fotogrametrik Veri Üretimi; (Sayısal Yüzey Modeli, Sayısal Arazi Modeli, Nokta Bulutu, Gerçek Ortofoto Üretimi ve Mesh Model Üretimi) | C5: Pafta | D5: 7280 | E5: 1321.26 | F5: =D5*E5 -> 9618772.8
A6: 4 | B6: Daha Önce Üretilen Fotogrametrik Olarak Üretilmiş Binalara Ait Vektör Verilerin Kontrolü, Eksik, Hatalı ve Yeni Yapılar ile Zemine ait 3B Vektör Verilerin Fotogrametrik Yöntemle Üretimi | C6: Pafta | D6: 7280 | E6: 734.04 | F6: =D6*E6 -> 5343811.2
A7: 5 | B7: Yeni Yapılara ait 3B Fotogrametrik Yapı Modellerinin Oluşturulması ve Kaplanması ile Daha Önce Üretilen 3B Fotogrametrik Yapı Modellerinin Güncel Veriler ile Kaplanması, Üretimi Gerçekleştirilen 3B Fotogrametrik Yapı Modellerinin Güncel TKGM Verileri ve Güncel MAKS Verileri ile Entegre Edilerek TKGM CityGML Veri Modeline Dönüştürülmesi, | C7: Pafta | D7: 7280 | E7: 1321.26 | F7: =D7*E7 -> 9618772.8
A8: 6 | B8: Mimari Projelerden Vektörel Verilerin Üretimi ile Bu Veriler Kullanılarak 3B Sayısal Mimari Yapı Modellerinin Üretimi | C8: Bina | D8: 55126 | E8: 120.5 | F8: =D8*E8 -> 6642683
A9: 7 | B9: Daha Önce Üretilen 3B Mimari Sayısal Yapıların Model ile Vektörel Dosyalarının Kontrolü ve Revizyonu Gereken 3B Mimari Sayısal Yapı Modellerinin Güncel GML Model Versiyonu İle Üretilmesi/İyileştirilmesi | C9: Bina | D9: 117513 | E9: 60.253 | F9: =D9*E9 -> 7080510.8
A10: 8 | B10: 3B Mimari Sayısal Yapı Modellerinin Konumlandırılması ile 3B Mimari ve Fotogrametrik Sayısal Yapı Modellerinin Karşılıklı Kontrolü, Bulunan Hataların Giderilmesi ve Raporlanması | C10: Bina | D10: 172639 | E10: 60.253 | F10: =D10*E10 -> 10402018
A11: 9 | B11: Üretimi Gerçekleştirilen 3B Mimari Sayısal Yapı Modellerinin Güncel TKGM Verileri ve Güncel MAKS Verileri ile Entegre Edilerek TKGMCityGML Veri Modeline Dönüştürülmesi, | C11: Bina | D11: 172639 | E11: 105.44 | F11: =D11*E11 -> 18203056
A12: 10 | B12: Üretimi Tamamlanan Veri ve Modellerin İdareye Teslim Edilmesi | C12: Pafta | D12: 7280 | E12: 293.61 | F12: =D12*E12 -> 2137480.8
A13: Toplam | F13: =SUM(F3:F12) -> 75209517
A14: Toplam KDV (%20) | C14: Yüklenici Karı Dahil Yaklaşık Maliyet (KDV Hariç) | F14: =F13*1.2 -> 90251420
I17: 49340710
I18: 47323196
D20: 117609 | E20: =D20/5 -> 23521.8 | F20: =E20*301 -> 7080061.8
